{"report":{"modules":[{"name":"Animation","dependencies":[{"name":"Animator","scenes":[],"dependencyType":0,"icon":null},{"name":"AnimatorController","scenes":[],"dependencyType":1,"icon":null},{"name":"AnimatorOverrideController","scenes":[],"dependencyType":0,"icon":null},{"name":"RuntimeAnimatorController","scenes":[],"dependencyType":1,"icon":null}]},{"name":"AR","dependencies":[]},{"name":"Audio","dependencies":[{"name":"AudioClip","scenes":["Assets/test_AR_scene.unity"],"dependencyType":0,"icon":null},{"name":"AudioManager","scenes":[],"dependencyType":1,"icon":null},{"name":"SampleClip","scenes":[],"dependencyType":1,"icon":null}]},{"name":"Core","dependencies":[{"name":"Behaviour","scenes":["Assets/test_AR_scene.unity"],"dependencyType":0,"icon":null},{"name":"BuildSettings","scenes":[],"dependencyType":1,"icon":null},{"name":"Camera","scenes":["Assets/test_AR_scene.unity"],"dependencyType":0,"icon":null},{"name":"Component","scenes":[],"dependencyType":1,"icon":null},{"name":"ComputeShader","scenes":[],"dependencyType":0,"icon":null},{"name":"Cubemap","scenes":["Assets/test_AR_scene.unity"],"dependencyType":0,"icon":null},{"name":"CubemapArray","scenes":[],"dependencyType":0,"icon":null},{"name":"DelayedCallManager","scenes":[],"dependencyType":1,"icon":null},{"name":"EditorExtension","scenes":[],"dependencyType":1,"icon":null},{"name":"GameManager","scenes":["Assets/test_AR_scene.unity"],"dependencyType":1,"icon":null},{"name":"GameObject","scenes":["Assets/test_AR_scene.unity"],"dependencyType":0,"icon":null},{"name":"GlobalGameManager","scenes":[],"dependencyType":1,"icon":null},{"name":"GraphicsSettings","scenes":[],"dependencyType":0,"icon":null},{"name":"InputManager","scenes":[],"dependencyType":1,"icon":null},{"name":"LevelGameManager","scenes":[],"dependencyType":1,"icon":null},{"name":"Light","scenes":["Assets/test_AR_scene.unity"],"dependencyType":0,"icon":null},{"name":"LightingSettings","scenes":["Assets/test_AR_scene.unity"],"dependencyType":0,"icon":null},{"name":"LightmapSettings","scenes":["Assets/test_AR_scene.unity"],"dependencyType":0,"icon":null},{"name":"LightProbes","scenes":["Assets/test_AR_scene.unity"],"dependencyType":0,"icon":null},{"name":"LineRenderer","scenes":[],"dependencyType":0,"icon":null},{"name":"LowerResBlitTexture","scenes":[],"dependencyType":0,"icon":null},{"name":"Material","scenes":["Assets/test_AR_scene.unity"],"dependencyType":0,"icon":null},{"name":"Mesh","scenes":["Assets/test_AR_scene.unity"],"dependencyType":0,"icon":null},{"name":"MeshFilter","scenes":["Assets/test_AR_scene.unity"],"dependencyType":0,"icon":null},{"name":"MeshRenderer","scenes":["Assets/test_AR_scene.unity"],"dependencyType":0,"icon":null},{"name":"MonoBehaviour","scenes":["Assets/test_AR_scene.unity"],"dependencyType":0,"icon":null},{"name":"MonoManager","scenes":[],"dependencyType":1,"icon":null},{"name":"MonoScript","scenes":["Assets/test_AR_scene.unity"],"dependencyType":1,"icon":null},{"name":"NamedObject","scenes":[],"dependencyType":1,"icon":null},{"name":"Object","scenes":[],"dependencyType":1,"icon":null},{"name":"PlayerSettings","scenes":[],"dependencyType":1,"icon":null},{"name":"PreloadData","scenes":[],"dependencyType":0,"icon":null},{"name":"QualitySettings","scenes":[],"dependencyType":0,"icon":null},{"name":"RectTransform","scenes":["Assets/test_AR_scene.unity"],"dependencyType":0,"icon":null},{"name":"ReflectionProbe","scenes":[],"dependencyType":0,"icon":null},{"name":"Renderer","scenes":["Assets/test_AR_scene.unity"],"dependencyType":0,"icon":null},{"name":"RenderSettings","scenes":["Assets/test_AR_scene.unity"],"dependencyType":0,"icon":null},{"name":"RenderTexture","scenes":[],"dependencyType":0,"icon":null},{"name":"ResourceManager","scenes":[],"dependencyType":1,"icon":null},{"name":"RuntimeInitializeOnLoadManager","scenes":[],"dependencyType":1,"icon":null},{"name":"ScriptMapper","scenes":[],"dependencyType":1,"icon":null},{"name":"Shader","scenes":["Assets/test_AR_scene.unity"],"dependencyType":0,"icon":null},{"name":"Sprite","scenes":["Assets/test_AR_scene.unity"],"dependencyType":0,"icon":null},{"name":"SpriteAtlas","scenes":[],"dependencyType":0,"icon":null},{"name":"SpriteRenderer","scenes":[],"dependencyType":0,"icon":null},{"name":"TagManager","scenes":[],"dependencyType":1,"icon":null},{"name":"TextAsset","scenes":["Assets/test_AR_scene.unity"],"dependencyType":0,"icon":null},{"name":"Texture","scenes":[],"dependencyType":1,"icon":null},{"name":"Texture2D","scenes":["Assets/test_AR_scene.unity"],"dependencyType":0,"icon":null},{"name":"Texture2DArray","scenes":[],"dependencyType":0,"icon":null},{"name":"Texture3D","scenes":[],"dependencyType":0,"icon":null},{"name":"TimeManager","scenes":[],"dependencyType":1,"icon":null},{"name":"Transform","scenes":["Assets/test_AR_scene.unity"],"dependencyType":0,"icon":null},{"name":"Required by Animation Module","scenes":[],"dependencyType":2,"icon":"package/com.unity.modules.animation"},{"name":"Required by AR Module","scenes":[],"dependencyType":2,"icon":"package/com.unity.modules.ar"},{"name":"Required by Audio Module","scenes":[],"dependencyType":2,"icon":"package/com.unity.modules.audio"},{"name":"Required by GameCenter Module","scenes":[],"dependencyType":2,"icon":"package/com.unity.modules.gamecenter"},{"name":"Required by ImageConversion Module","scenes":[],"dependencyType":2,"icon":"package/com.unity.modules.imageconversion"},{"name":"Required by IMGUI Module","scenes":[],"dependencyType":2,"icon":"package/com.unity.modules.imgui"},{"name":"Required by Input Module","scenes":[],"dependencyType":2,"icon":"package/com.unity.modules.input"},{"name":"Required by InputLegacy Module","scenes":[],"dependencyType":2,"icon":"package/com.unity.modules.inputlegacy"},{"name":"Required by JSONSerialize Module","scenes":[],"dependencyType":2,"icon":"package/com.unity.modules.jsonserialize"},{"name":"Required by ParticleSystem Module","scenes":[],"dependencyType":2,"icon":"package/com.unity.modules.particlesystem"},{"name":"Required by Physics Module","scenes":[],"dependencyType":2,"icon":"package/com.unity.modules.physics"},{"name":"Required by Physics2D Module","scenes":[],"dependencyType":2,"icon":"package/com.unity.modules.physics2d"},{"name":"Required by RuntimeInitializeOnLoadManagerInitializer Module","scenes":[],"dependencyType":2,"icon":"package/com.unity.modules.runtimeinitializeonloadmanagerinitializer"},{"name":"Required by Subsystems Module","scenes":[],"dependencyType":2,"icon":"package/com.unity.modules.subsystems"},{"name":"Required by TextCore Module","scenes":[],"dependencyType":2,"icon":"package/com.unity.modules.textcore"},{"name":"Required by TextRendering Module","scenes":[],"dependencyType":2,"icon":"package/com.unity.modules.textrendering"},{"name":"Required by TLS Module","scenes":[],"dependencyType":2,"icon":"package/com.unity.modules.tls"},{"name":"Required by UI Module","scenes":[],"dependencyType":2,"icon":"package/com.unity.modules.ui"},{"name":"Required by UnityWebRequest Module","scenes":[],"dependencyType":2,"icon":"package/com.unity.modules.unitywebrequest"},{"name":"Required by XR Module","scenes":[],"dependencyType":2,"icon":"package/com.unity.modules.xr"}]},{"name":"GameCenter","dependencies":[]},{"name":"ImageConversion","dependencies":[{"name":"Required by GameCenter Module","scenes":[],"dependencyType":2,"icon":"package/com.unity.modules.gamecenter"}]},{"name":"IMGUI","dependencies":[]},{"name":"Input","dependencies":[{"name":"Required by AR Module","scenes":[],"dependencyType":2,"icon":"package/com.unity.modules.ar"},{"name":"Required by XR Module","scenes":[],"dependencyType":2,"icon":"package/com.unity.modules.xr"}]},{"name":"InputLegacy","dependencies":[{"name":"Required by IMGUI Module","scenes":[],"dependencyType":2,"icon":"package/com.unity.modules.imgui"}]},{"name":"JSONSerialize","dependencies":[{"name":"Required by AR Module","scenes":[],"dependencyType":2,"icon":"package/com.unity.modules.ar"},{"name":"Required by Input Module","scenes":[],"dependencyType":2,"icon":"package/com.unity.modules.input"},{"name":"Required by RuntimeInitializeOnLoadManagerInitializer Module","scenes":[],"dependencyType":2,"icon":"package/com.unity.modules.runtimeinitializeonloadmanagerinitializer"},{"name":"Required by Subsystems Module","scenes":[],"dependencyType":2,"icon":"package/com.unity.modules.subsystems"},{"name":"Required by XR Module","scenes":[],"dependencyType":2,"icon":"package/com.unity.modules.xr"}]},{"name":"ParticleSystem","dependencies":[{"name":"ParticleSystem","scenes":["Assets/test_AR_scene.unity"],"dependencyType":0,"icon":null},{"name":"ParticleSystemForceField","scenes":["Assets/test_AR_scene.unity"],"dependencyType":0,"icon":null},{"name":"ParticleSystemRenderer","scenes":["Assets/test_AR_scene.unity"],"dependencyType":0,"icon":null}]},{"name":"Physics","dependencies":[{"name":"BoxCollider","scenes":["Assets/test_AR_scene.unity"],"dependencyType":0,"icon":null},{"name":"CapsuleCollider","scenes":["Assets/test_AR_scene.unity"],"dependencyType":0,"icon":null},{"name":"Collider","scenes":["Assets/test_AR_scene.unity"],"dependencyType":0,"icon":null},{"name":"MeshCollider","scenes":["Assets/test_AR_scene.unity"],"dependencyType":0,"icon":null},{"name":"PhysicsManager","scenes":[],"dependencyType":1,"icon":null},{"name":"Rigidbody","scenes":[],"dependencyType":0,"icon":null},{"name":"Required by AR Module","scenes":[],"dependencyType":2,"icon":"package/com.unity.modules.ar"},{"name":"Required by XR Module","scenes":[],"dependencyType":2,"icon":"package/com.unity.modules.xr"}]},{"name":"Physics2D","dependencies":[{"name":"Collider2D","scenes":[],"dependencyType":0,"icon":null},{"name":"Physics2DSettings","scenes":[],"dependencyType":1,"icon":null},{"name":"Rigidbody2D","scenes":[],"dependencyType":0,"icon":null}]},{"name":"RuntimeInitializeOnLoadManagerInitializer","dependencies":[{"name":"RuntimeInitializeOnLoadManagerInitializer is always required","scenes":[],"dependencyType":3,"icon":"class/DefaultAsset"}]},{"name":"SharedInternals","dependencies":[{"name":"Required by Animation Module","scenes":[],"dependencyType":2,"icon":"package/com.unity.modules.animation"},{"name":"Required by AR Module","scenes":[],"dependencyType":2,"icon":"package/com.unity.modules.ar"},{"name":"Required by Audio Module","scenes":[],"dependencyType":2,"icon":"package/com.unity.modules.audio"},{"name":"Required by Core Module","scenes":[],"dependencyType":2,"icon":"package/com.unity.modules.core"},{"name":"Required by GameCenter Module","scenes":[],"dependencyType":2,"icon":"package/com.unity.modules.gamecenter"},{"name":"Required by ImageConversion Module","scenes":[],"dependencyType":2,"icon":"package/com.unity.modules.imageconversion"},{"name":"Required by IMGUI Module","scenes":[],"dependencyType":2,"icon":"package/com.unity.modules.imgui"},{"name":"Required by Input Module","scenes":[],"dependencyType":2,"icon":"package/com.unity.modules.input"},{"name":"Required by InputLegacy Module","scenes":[],"dependencyType":2,"icon":"package/com.unity.modules.inputlegacy"},{"name":"Required by JSONSerialize Module","scenes":[],"dependencyType":2,"icon":"package/com.unity.modules.jsonserialize"},{"name":"Required by ParticleSystem Module","scenes":[],"dependencyType":2,"icon":"package/com.unity.modules.particlesystem"},{"name":"Required by Physics Module","scenes":[],"dependencyType":2,"icon":"package/com.unity.modules.physics"},{"name":"Required by Physics2D Module","scenes":[],"dependencyType":2,"icon":"package/com.unity.modules.physics2d"},{"name":"Required by RuntimeInitializeOnLoadManagerInitializer Module","scenes":[],"dependencyType":2,"icon":"package/com.unity.modules.runtimeinitializeonloadmanagerinitializer"},{"name":"Required by Subsystems Module","scenes":[],"dependencyType":2,"icon":"package/com.unity.modules.subsystems"},{"name":"Required by TextCore Module","scenes":[],"dependencyType":2,"icon":"package/com.unity.modules.textcore"},{"name":"Required by TextRendering Module","scenes":[],"dependencyType":2,"icon":"package/com.unity.modules.textrendering"},{"name":"Required by TLS Module","scenes":[],"dependencyType":2,"icon":"package/com.unity.modules.tls"},{"name":"Required by UI Module","scenes":[],"dependencyType":2,"icon":"package/com.unity.modules.ui"},{"name":"Required by UnityWebRequest Module","scenes":[],"dependencyType":2,"icon":"package/com.unity.modules.unitywebrequest"},{"name":"Required by XR Module","scenes":[],"dependencyType":2,"icon":"package/com.unity.modules.xr"}]},{"name":"Subsystems","dependencies":[{"name":"Required by XR Module","scenes":[],"dependencyType":2,"icon":"package/com.unity.modules.xr"}]},{"name":"TextCore","dependencies":[]},{"name":"TextRendering","dependencies":[{"name":"Font","scenes":["Assets/test_AR_scene.unity"],"dependencyType":0,"icon":null},{"name":"Required by IMGUI Module","scenes":[],"dependencyType":2,"icon":"package/com.unity.modules.imgui"},{"name":"Required by TextCore Module","scenes":[],"dependencyType":2,"icon":"package/com.unity.modules.textcore"},{"name":"Required by UI Module","scenes":[],"dependencyType":2,"icon":"package/com.unity.modules.ui"}]},{"name":"TLS","dependencies":[{"name":"Required by UnityWebRequest Module","scenes":[],"dependencyType":2,"icon":"package/com.unity.modules.unitywebrequest"}]},{"name":"UI","dependencies":[{"name":"Canvas","scenes":["Assets/test_AR_scene.unity"],"dependencyType":0,"icon":null},{"name":"CanvasGroup","scenes":[],"dependencyType":0,"icon":null},{"name":"CanvasRenderer","scenes":["Assets/test_AR_scene.unity"],"dependencyType":0,"icon":null}]},{"name":"UnityWebRequest","dependencies":[]},{"name":"XR","dependencies":[]}]}}